category;neighborhood;borough
Metro Station;Carnota;ALENQUER
Gas Station;Carnota;ALENQUER
Building;Carnota;ALENQUER
Business Center;Carnota;ALENQUER
Office;Carnota;ALENQUER
ATM;Carnota;ALENQUER
Metro Station;Meca;ALENQUER
Building;Meca;ALENQUER
Business Center;Meca;ALENQUER
Office;Meca;ALENQUER
ATM;Meca;ALENQUER
Metro Station;Olhalvo;ALENQUER
Gas Station;Olhalvo;ALENQUER
Building;Olhalvo;ALENQUER
Business Center;Olhalvo;ALENQUER
Office;Olhalvo;ALENQUER
ATM;Olhalvo;ALENQUER
Metro Station;Ota;ALENQUER
Metro Station;Ota;ALENQUER
Building;Ota;ALENQUER
Business Center;Ota;ALENQUER
Office;Ota;ALENQUER
ATM;Ota;ALENQUER
Metro Station;Ventosa;ALENQUER
Gas Station;Ventosa;ALENQUER
Building;Ventosa;ALENQUER
Business Center;Ventosa;ALENQUER
Office;Ventosa;ALENQUER
ATM;Ventosa;ALENQUER
Metro Station;Vila Verde dos Francos;ALENQUER
Metro Station;Vila Verde dos Francos;ALENQUER
Building;Vila Verde dos Francos;ALENQUER
Business Center;Vila Verde dos Francos;ALENQUER
Office;Vila Verde dos Francos;ALENQUER
ATM;Vila Verde dos Francos;ALENQUER
Food;Abrigada;ALENQUER
Food;Cabanas de Torres;ALENQUER
Metro Station;Abrigada;ALENQUER
Metro Station;Cabanas de Torres;ALENQUER
Gas Station;Abrigada;ALENQUER
Gas Station;Cabanas de Torres;ALENQUER
Building;Abrigada;ALENQUER
Building;Cabanas de Torres;ALENQUER
Business Center;Abrigada;ALENQUER
Business Center;Cabanas de Torres;ALENQUER
Office;Abrigada;ALENQUER
Office;Cabanas de Torres;ALENQUER
ATM;Abrigada;ALENQUER
ATM;Cabanas de Torres;ALENQUER
Food;Aldeia Galega da Merceana;ALENQUER
Food;Aldeia Gavinha;ALENQUER
Metro Station;Aldeia Galega da Merceana;ALENQUER
Metro Station;Aldeia Gavinha;ALENQUER
Gas Station;Aldeia Galega da Merceana;ALENQUER
Gas Station;Aldeia Gavinha;ALENQUER
Building;Aldeia Galega da Merceana;ALENQUER
Building;Aldeia Gavinha;ALENQUER
Business Center;Aldeia Galega da Merceana;ALENQUER
Business Center;Aldeia Gavinha;ALENQUER
Office;Aldeia Galega da Merceana;ALENQUER
Office;Aldeia Gavinha;ALENQUER
ATM;Aldeia Galega da Merceana;ALENQUER
ATM;Aldeia Gavinha;ALENQUER
Food;Alenquer;ALENQUER
Food;Santo Estêvão;ALENQUER
Food;Triana;ALENQUER
Metro Station;Alenquer;ALENQUER
Metro Station;Santo Estêvão;ALENQUER
Metro Station;Triana;ALENQUER
Gas Station;Alenquer;ALENQUER
Gas Station;Santo Estêvão;ALENQUER
Gas Station;Triana;ALENQUER
Building;Alenquer;ALENQUER
Building;Santo Estêvão;ALENQUER
Building;Triana;ALENQUER
Business Center;Alenquer;ALENQUER
Business Center;Santo Estêvão;ALENQUER
Business Center;Triana;ALENQUER
Office;Alenquer;ALENQUER
Office;Santo Estêvão;ALENQUER
Office;Triana;ALENQUER
ATM;Alenquer;ALENQUER
ATM;Santo Estêvão;ALENQUER
ATM;Triana;ALENQUER
Food;Carregado;ALENQUER
Food;Cadafais;ALENQUER
Metro Station;Carregado;ALENQUER
Metro Station;Cadafais;ALENQUER
Gas Station;Carregado;ALENQUER
Gas Station;Cadafais;ALENQUER
Building;Carregado;ALENQUER
Building;Cadafais;ALENQUER
Business Center;Carregado;ALENQUER
Business Center;Cadafais;ALENQUER
Office;Carregado;ALENQUER
Office;Cadafais;ALENQUER
ATM;Carregado;ALENQUER
ATM;Cadafais;ALENQUER
Food;Ribafria;ALENQUER
Food;Pereiro de Palhacana;ALENQUER
Metro Station;Ribafria;ALENQUER
Metro Station;Pereiro de Palhacana;ALENQUER
Gas Station;Ribafria;ALENQUER
Gas Station;Pereiro de Palhacana;ALENQUER
Building;Ribafria;ALENQUER
Building;Pereiro de Palhacana;ALENQUER
Business Center;Ribafria;ALENQUER
Business Center;Pereiro de Palhacana;ALENQUER
Office;Ribafria;ALENQUER
Office;Pereiro de Palhacana;ALENQUER
ATM;Ribafria;ALENQUER
ATM;Pereiro de Palhacana;ALENQUER
ATM;Alfragide;AMADORA
Food;Águas Livres;AMADORA
Metro Station;Águas Livres;AMADORA
Gas Station;Águas Livres;AMADORA
Building;Águas Livres;AMADORA
Business Center;Águas Livres;AMADORA
Office;Águas Livres;AMADORA
ATM;Águas Livres;AMADORA
Food;Encosta do Sol;AMADORA
Metro Station;Encosta do Sol;AMADORA
Gas Station;Encosta do Sol;AMADORA
Building;Encosta do Sol;AMADORA
Business Center;Encosta do Sol;AMADORA
Office;Encosta do Sol;AMADORA
ATM;Encosta do Sol;AMADORA
Food;Falagueira-Venda Nova;AMADORA
Metro Station;Falagueira-Venda Nova;AMADORA
Gas Station;Falagueira-Venda Nova;AMADORA
Building;Falagueira-Venda Nova;AMADORA
Business Center;Falagueira-Venda Nova;AMADORA
Office;Falagueira-Venda Nova;AMADORA
ATM;Falagueira-Venda Nova;AMADORA
Food;Mina de Água;AMADORA
Metro Station;Mina de Água;AMADORA
Gas Station;Mina de Água;AMADORA
Building;Mina de Água;AMADORA
Business Center;Mina de Água;AMADORA
Office;Mina de Água;AMADORA
ATM;Mina de Água;AMADORA
ATM;Venteira;AMADORA
Metro Station;Arranhó;ARRUDA DOS VINHOS
Metro Station;Arranhó;ARRUDA DOS VINHOS
Building;Arranhó;ARRUDA DOS VINHOS
Business Center;Arranhó;ARRUDA DOS VINHOS
Office;Arranhó;ARRUDA DOS VINHOS
ATM;Arranhó;ARRUDA DOS VINHOS
Metro Station;Arruda dos Vinhos;ARRUDA DOS VINHOS
Metro Station;Arruda dos Vinhos;ARRUDA DOS VINHOS
Business Center;Arruda dos Vinhos;ARRUDA DOS VINHOS
ATM;Arruda dos Vinhos;ARRUDA DOS VINHOS
Metro Station;Cardosas;ARRUDA DOS VINHOS
Metro Station;Cardosas;ARRUDA DOS VINHOS
Business Center;Cardosas;ARRUDA DOS VINHOS
ATM;Cardosas;ARRUDA DOS VINHOS
Metro Station;São Tiago dos Velhos;ARRUDA DOS VINHOS
Gas Station;São Tiago dos Velhos;ARRUDA DOS VINHOS
Building;São Tiago dos Velhos;ARRUDA DOS VINHOS
Business Center;São Tiago dos Velhos;ARRUDA DOS VINHOS
Office;São Tiago dos Velhos;ARRUDA DOS VINHOS
ATM;São Tiago dos Velhos;ARRUDA DOS VINHOS
Metro Station;Alcoentre;AZAMBUJA
Metro Station;Alcoentre;AZAMBUJA
Business Center;Alcoentre;AZAMBUJA
Office;Alcoentre;AZAMBUJA
ATM;Alcoentre;AZAMBUJA
Metro Station;Aveiras de Baixo;AZAMBUJA
Gas Station;Aveiras de Baixo;AZAMBUJA
Building;Aveiras de Baixo;AZAMBUJA
Business Center;Aveiras de Baixo;AZAMBUJA
ATM;Aveiras de Baixo;AZAMBUJA
Metro Station;Aveiras de Cima;AZAMBUJA
Metro Station;Aveiras de Cima;AZAMBUJA
Building;Aveiras de Cima;AZAMBUJA
Business Center;Aveiras de Cima;AZAMBUJA
ATM;Aveiras de Cima;AZAMBUJA
Metro Station;Azambuja;AZAMBUJA
Metro Station;Azambuja;AZAMBUJA
Business Center;Azambuja;AZAMBUJA
ATM;Azambuja;AZAMBUJA
Metro Station;Vale do Paraíso;AZAMBUJA
Metro Station;Vale do Paraíso;AZAMBUJA
Building;Vale do Paraíso;AZAMBUJA
Business Center;Vale do Paraíso;AZAMBUJA
Office;Vale do Paraíso;AZAMBUJA
ATM;Vale do Paraíso;AZAMBUJA
Metro Station;Vila Nova da Rainha;AZAMBUJA
Metro Station;Vila Nova da Rainha;AZAMBUJA
Business Center;Vila Nova da Rainha;AZAMBUJA
ATM;Vila Nova da Rainha;AZAMBUJA
Food;Manique do Intendente;AZAMBUJA
Food;Vila Nova de São Pedro;AZAMBUJA
Food;Maçussa;AZAMBUJA
Metro Station;Manique do Intendente;AZAMBUJA
Metro Station;Vila Nova de São Pedro;AZAMBUJA
Metro Station;Maçussa;AZAMBUJA
Gas Station;Manique do Intendente;AZAMBUJA
Gas Station;Vila Nova de São Pedro;AZAMBUJA
Gas Station;Maçussa;AZAMBUJA
Building;Manique do Intendente;AZAMBUJA
Building;Vila Nova de São Pedro;AZAMBUJA
Building;Maçussa;AZAMBUJA
Business Center;Manique do Intendente;AZAMBUJA
Business Center;Vila Nova de São Pedro;AZAMBUJA
Business Center;Maçussa;AZAMBUJA
Office;Manique do Intendente;AZAMBUJA
Office;Vila Nova de São Pedro;AZAMBUJA
Office;Maçussa;AZAMBUJA
ATM;Manique do Intendente;AZAMBUJA
ATM;Vila Nova de São Pedro;AZAMBUJA
ATM;Maçussa;AZAMBUJA
Metro Station;Alguber;CADAVAL
Gas Station;Alguber;CADAVAL
Building;Alguber;CADAVAL
Business Center;Alguber;CADAVAL
Office;Alguber;CADAVAL
ATM;Alguber;CADAVAL
Metro Station;Peral;CADAVAL
Metro Station;Peral;CADAVAL
Business Center;Peral;CADAVAL
ATM;Peral;CADAVAL
Metro Station;Vermelha;CADAVAL
Gas Station;Vermelha;CADAVAL
Business Center;Vermelha;CADAVAL
ATM;Vermelha;CADAVAL
Metro Station;Vilar;CADAVAL
Metro Station;Vilar;CADAVAL
Building;Vilar;CADAVAL
Business Center;Vilar;CADAVAL
Office;Vilar;CADAVAL
ATM;Vilar;CADAVAL
Food;Cadaval;CADAVAL
Food;Pêro Moniz;CADAVAL
Metro Station;Cadaval;CADAVAL
Metro Station;Pêro Moniz;CADAVAL
Gas Station;Cadaval;CADAVAL
Gas Station;Pêro Moniz;CADAVAL
Building;Cadaval;CADAVAL
Building;Pêro Moniz;CADAVAL
Business Center;Cadaval;CADAVAL
Business Center;Pêro Moniz;CADAVAL
Office;Cadaval;CADAVAL
Office;Pêro Moniz;CADAVAL
ATM;Cadaval;CADAVAL
ATM;Pêro Moniz;CADAVAL
Food;Lamas;CADAVAL
Food;Cercal;CADAVAL
Metro Station;Lamas;CADAVAL
Metro Station;Cercal;CADAVAL
Gas Station;Lamas;CADAVAL
Gas Station;Cercal;CADAVAL
Building;Lamas;CADAVAL
Building;Cercal;CADAVAL
Business Center;Lamas;CADAVAL
Business Center;Cercal;CADAVAL
Office;Lamas;CADAVAL
Office;Cercal;CADAVAL
ATM;Lamas;CADAVAL
ATM;Cercal;CADAVAL
Food;Painho;CADAVAL
Food;Figueiros;CADAVAL
Metro Station;Painho;CADAVAL
Metro Station;Figueiros;CADAVAL
Gas Station;Painho;CADAVAL
Gas Station;Figueiros;CADAVAL
Building;Painho;CADAVAL
Building;Figueiros;CADAVAL
Business Center;Painho;CADAVAL
Business Center;Figueiros;CADAVAL
Office;Painho;CADAVAL
Office;Figueiros;CADAVAL
ATM;Painho;CADAVAL
ATM;Figueiros;CADAVAL
Metro Station;Alcabideche;CASCAIS
Metro Station;Alcabideche;CASCAIS
Metro Station;São Domingos de Rana;CASCAIS
Metro Station;São Domingos de Rana;CASCAIS
Food;Carcavelos;CASCAIS
Food;Parede;CASCAIS
Metro Station;Carcavelos;CASCAIS
Metro Station;Parede;CASCAIS
Gas Station;Carcavelos;CASCAIS
Gas Station;Parede;CASCAIS
Building;Carcavelos;CASCAIS
Building;Parede;CASCAIS
Business Center;Carcavelos;CASCAIS
Business Center;Parede;CASCAIS
Office;Carcavelos;CASCAIS
Office;Parede;CASCAIS
ATM;Carcavelos;CASCAIS
ATM;Parede;CASCAIS
Food;Cascais;CASCAIS
Food;Estoril;CASCAIS
Metro Station;Cascais;CASCAIS
Metro Station;Estoril;CASCAIS
Gas Station;Cascais;CASCAIS
Gas Station;Estoril;CASCAIS
Building;Cascais;CASCAIS
Building;Estoril;CASCAIS
Business Center;Cascais;CASCAIS
Business Center;Estoril;CASCAIS
Office;Cascais;CASCAIS
Office;Estoril;CASCAIS
ATM;Cascais;CASCAIS
ATM;Estoril;CASCAIS
Metro Station;Ajuda;LISBOA
Metro Station;Ajuda;LISBOA
ATM;Ajuda;LISBOA
Food;Arroios;LISBOA
Metro Station;Arroios;LISBOA
Gas Station;Arroios;LISBOA
Building;Arroios;LISBOA
Business Center;Arroios;LISBOA
Office;Arroios;LISBOA
ATM;Arroios;LISBOA
Food;Avenidas Novas;LISBOA
Metro Station;Avenidas Novas;LISBOA
Gas Station;Avenidas Novas;LISBOA
Building;Avenidas Novas;LISBOA
Business Center;Avenidas Novas;LISBOA
Office;Avenidas Novas;LISBOA
ATM;Avenidas Novas;LISBOA
Metro Station;Belém;LISBOA
Metro Station;Belém;LISBOA
ATM;Belém;LISBOA
Food;Campo de Ourique;LISBOA
Metro Station;Campo de Ourique;LISBOA
Gas Station;Campo de Ourique;LISBOA
Building;Campo de Ourique;LISBOA
Business Center;Campo de Ourique;LISBOA
Office;Campo de Ourique;LISBOA
ATM;Campo de Ourique;LISBOA
Food;Estrela;LISBOA
Metro Station;Estrela;LISBOA
Gas Station;Estrela;LISBOA
Building;Estrela;LISBOA
Business Center;Estrela;LISBOA
Office;Estrela;LISBOA
ATM;Estrela;LISBOA
Food;Misericórdia;LISBOA
Metro Station;Misericórdia;LISBOA
Gas Station;Misericórdia;LISBOA
Building;Misericórdia;LISBOA
Business Center;Misericórdia;LISBOA
Office;Misericórdia;LISBOA
ATM;Misericórdia;LISBOA
Food;Parque das Nações;LISBOA
Metro Station;Parque das Nações;LISBOA
Gas Station;Parque das Nações;LISBOA
Building;Parque das Nações;LISBOA
Business Center;Parque das Nações;LISBOA
Office;Parque das Nações;LISBOA
ATM;Parque das Nações;LISBOA
Food;Santa Clara;LISBOA
Metro Station;Santa Clara;LISBOA
Gas Station;Santa Clara;LISBOA
Building;Santa Clara;LISBOA
Business Center;Santa Clara;LISBOA
Office;Santa Clara;LISBOA
ATM;Santa Clara;LISBOA
Food;Santa Maria Maior;LISBOA
Metro Station;Santa Maria Maior;LISBOA
Gas Station;Santa Maria Maior;LISBOA
Building;Santa Maria Maior;LISBOA
Business Center;Santa Maria Maior;LISBOA
Office;Santa Maria Maior;LISBOA
ATM;Santa Maria Maior;LISBOA
Food;Santo António;LISBOA
Metro Station;Santo António;LISBOA
Gas Station;Santo António;LISBOA
Building;Santo António;LISBOA
Business Center;Santo António;LISBOA
Office;Santo António;LISBOA
ATM;Santo António;LISBOA
Food;São Vicente;LISBOA
Metro Station;São Vicente;LISBOA
Gas Station;São Vicente;LISBOA
Building;São Vicente;LISBOA
Business Center;São Vicente;LISBOA
Office;São Vicente;LISBOA
ATM;São Vicente;LISBOA
Metro Station;Bucelas;LOURES
Metro Station;Bucelas;LOURES
Building;Bucelas;LOURES
Business Center;Bucelas;LOURES
ATM;Bucelas;LOURES
Metro Station;Fanhões;LOURES
Metro Station;Fanhões;LOURES
Business Center;Fanhões;LOURES
ATM;Fanhões;LOURES
Metro Station;Loures;LOURES
Metro Station;Loures;LOURES
Business Center;Loures;LOURES
ATM;Loures;LOURES
Metro Station;Lousa;LOURES
Metro Station;Lousa;LOURES
Business Center;Lousa;LOURES
ATM;Lousa;LOURES
Food;Moscavide;LOURES
Food;Portela;LOURES
Metro Station;Moscavide;LOURES
Metro Station;Portela;LOURES
Gas Station;Moscavide;LOURES
Gas Station;Portela;LOURES
Building;Moscavide;LOURES
Building;Portela;LOURES
Business Center;Moscavide;LOURES
Business Center;Portela;LOURES
Office;Moscavide;LOURES
Office;Portela;LOURES
ATM;Moscavide;LOURES
ATM;Portela;LOURES
Food;Sacavém;LOURES
Food;Prior Velho;LOURES
Metro Station;Sacavém;LOURES
Metro Station;Prior Velho;LOURES
Gas Station;Sacavém;LOURES
Gas Station;Prior Velho;LOURES
Building;Sacavém;LOURES
Building;Prior Velho;LOURES
Business Center;Sacavém;LOURES
Business Center;Prior Velho;LOURES
Office;Sacavém;LOURES
Office;Prior Velho;LOURES
ATM;Sacavém;LOURES
ATM;Prior Velho;LOURES
Food;Santa Iria de Azoia;LOURES
Food;São João da Talha;LOURES
Food;Bobadela;LOURES
Metro Station;Santa Iria de Azoia;LOURES
Metro Station;São João da Talha;LOURES
Metro Station;Bobadela;LOURES
Gas Station;Santa Iria de Azoia;LOURES
Gas Station;São João da Talha;LOURES
Gas Station;Bobadela;LOURES
Building;Santa Iria de Azoia;LOURES
Building;São João da Talha;LOURES
Building;Bobadela;LOURES
Business Center;Santa Iria de Azoia;LOURES
Business Center;São João da Talha;LOURES
Business Center;Bobadela;LOURES
Office;Santa Iria de Azoia;LOURES
Office;São João da Talha;LOURES
Office;Bobadela;LOURES
ATM;Santa Iria de Azoia;LOURES
ATM;São João da Talha;LOURES
ATM;Bobadela;LOURES
Food;Santo Antão;LOURES
Food;São Julião do Tojal;LOURES
Metro Station;Santo Antão;LOURES
Metro Station;São Julião do Tojal;LOURES
Gas Station;Santo Antão;LOURES
Gas Station;São Julião do Tojal;LOURES
Building;Santo Antão;LOURES
Building;São Julião do Tojal;LOURES
Business Center;Santo Antão;LOURES
Business Center;São Julião do Tojal;LOURES
Office;Santo Antão;LOURES
Office;São Julião do Tojal;LOURES
ATM;Santo Antão;LOURES
ATM;São Julião do Tojal;LOURES
Food;Santo António dos Cavaleiros;LOURES
Food;Frielas;LOURES
Metro Station;Santo António dos Cavaleiros;LOURES
Metro Station;Frielas;LOURES
Gas Station;Santo António dos Cavaleiros;LOURES
Gas Station;Frielas;LOURES
Building;Santo António dos Cavaleiros;LOURES
Building;Frielas;LOURES
Business Center;Santo António dos Cavaleiros;LOURES
Business Center;Frielas;LOURES
Office;Santo António dos Cavaleiros;LOURES
Office;Frielas;LOURES
ATM;Santo António dos Cavaleiros;LOURES
ATM;Frielas;LOURES
Food;Camarate;LOURES
Food;Unhos;LOURES
Food;Apelação;LOURES
Metro Station;Camarate;LOURES
Metro Station;Unhos;LOURES
Metro Station;Apelação;LOURES
Gas Station;Camarate;LOURES
Gas Station;Unhos;LOURES
Gas Station;Apelação;LOURES
Building;Camarate;LOURES
Building;Unhos;LOURES
Building;Apelação;LOURES
Business Center;Camarate;LOURES
Business Center;Unhos;LOURES
Business Center;Apelação;LOURES
Office;Camarate;LOURES
Office;Unhos;LOURES
Office;Apelação;LOURES
ATM;Camarate;LOURES
ATM;Unhos;LOURES
ATM;Apelação;LOURES
Metro Station;Moita dos Ferreiros;LOURINHÃ
Gas Station;Moita dos Ferreiros;LOURINHÃ
Building;Moita dos Ferreiros;LOURINHÃ
Business Center;Moita dos Ferreiros;LOURINHÃ
Office;Moita dos Ferreiros;LOURINHÃ
ATM;Moita dos Ferreiros;LOURINHÃ
Metro Station;Reguengo Grande;LOURINHÃ
Gas Station;Reguengo Grande;LOURINHÃ
Building;Reguengo Grande;LOURINHÃ
Business Center;Reguengo Grande;LOURINHÃ
Office;Reguengo Grande;LOURINHÃ
ATM;Reguengo Grande;LOURINHÃ
Metro Station;Santa Bárbara;LOURINHÃ
Metro Station;Santa Bárbara;LOURINHÃ
Business Center;Santa Bárbara;LOURINHÃ
Office;Santa Bárbara;LOURINHÃ
ATM;Santa Bárbara;LOURINHÃ
Metro Station;Vimeiro;LOURINHÃ
Metro Station;Vimeiro;LOURINHÃ
Business Center;Vimeiro;LOURINHÃ
ATM;Vimeiro;LOURINHÃ
Metro Station;Ribamar;LOURINHÃ
Metro Station;Ribamar;LOURINHÃ
Business Center;Ribamar;LOURINHÃ
Office;Ribamar;LOURINHÃ
ATM;Ribamar;LOURINHÃ
Food;Lourinhã;LOURINHÃ
Food;Atalaia;LOURINHÃ
Metro Station;Lourinhã;LOURINHÃ
Metro Station;Atalaia;LOURINHÃ
Gas Station;Lourinhã;LOURINHÃ
Gas Station;Atalaia;LOURINHÃ
Building;Lourinhã;LOURINHÃ
Building;Atalaia;LOURINHÃ
Business Center;Lourinhã;LOURINHÃ
Business Center;Atalaia;LOURINHÃ
Office;Lourinhã;LOURINHÃ
Office;Atalaia;LOURINHÃ
ATM;Lourinhã;LOURINHÃ
ATM;Atalaia;LOURINHÃ
Food;Miragaia;LOURINHÃ
Food;Marteleira;LOURINHÃ
Metro Station;Miragaia;LOURINHÃ
Metro Station;Marteleira;LOURINHÃ
Gas Station;Miragaia;LOURINHÃ
Gas Station;Marteleira;LOURINHÃ
Building;Miragaia;LOURINHÃ
Building;Marteleira;LOURINHÃ
Business Center;Miragaia;LOURINHÃ
Business Center;Marteleira;LOURINHÃ
Office;Miragaia;LOURINHÃ
Office;Marteleira;LOURINHÃ
ATM;Miragaia;LOURINHÃ
ATM;Marteleira;LOURINHÃ
Food;São Bartolomeu dos Galegos;LOURINHÃ
Food;Moledo;LOURINHÃ
Metro Station;São Bartolomeu dos Galegos;LOURINHÃ
Metro Station;Moledo;LOURINHÃ
Gas Station;São Bartolomeu dos Galegos;LOURINHÃ
Gas Station;Moledo;LOURINHÃ
Building;São Bartolomeu dos Galegos;LOURINHÃ
Building;Moledo;LOURINHÃ
Business Center;São Bartolomeu dos Galegos;LOURINHÃ
Business Center;Moledo;LOURINHÃ
Office;São Bartolomeu dos Galegos;LOURINHÃ
Office;Moledo;LOURINHÃ
ATM;São Bartolomeu dos Galegos;LOURINHÃ
ATM;Moledo;LOURINHÃ
Metro Station;Carvoeira;MAFRA
Metro Station;Carvoeira;MAFRA
Business Center;Carvoeira;MAFRA
ATM;Carvoeira;MAFRA
Metro Station;Encarnação;MAFRA
Metro Station;Encarnação;MAFRA
Building;Encarnação;MAFRA
Business Center;Encarnação;MAFRA
ATM;Encarnação;MAFRA
Metro Station;Ericeira;MAFRA
Metro Station;Ericeira;MAFRA
Business Center;Ericeira;MAFRA
ATM;Ericeira;MAFRA
Metro Station;Mafra;MAFRA
Metro Station;Mafra;MAFRA
Business Center;Mafra;MAFRA
Metro Station;Milharado;MAFRA
Metro Station;Milharado;MAFRA
Business Center;Milharado;MAFRA
ATM;Milharado;MAFRA
Metro Station;Santo Isidoro;MAFRA
Metro Station;Santo Isidoro;MAFRA
Business Center;Santo Isidoro;MAFRA
ATM;Santo Isidoro;MAFRA
Food;Azueira;MAFRA
Food;Sobral da Abelheira;MAFRA
Metro Station;Azueira;MAFRA
Metro Station;Sobral da Abelheira;MAFRA
Gas Station;Azueira;MAFRA
Gas Station;Sobral da Abelheira;MAFRA
Building;Azueira;MAFRA
Building;Sobral da Abelheira;MAFRA
Business Center;Azueira;MAFRA
Business Center;Sobral da Abelheira;MAFRA
Office;Azueira;MAFRA
Office;Sobral da Abelheira;MAFRA
ATM;Azueira;MAFRA
ATM;Sobral da Abelheira;MAFRA
Food;Enxara do Bispo;MAFRA
Food;Gradil;MAFRA
Food;Vila Franca do Rosário;MAFRA
Metro Station;Enxara do Bispo;MAFRA
Metro Station;Gradil;MAFRA
Metro Station;Vila Franca do Rosário;MAFRA
Gas Station;Enxara do Bispo;MAFRA
Gas Station;Gradil;MAFRA
Gas Station;Vila Franca do Rosário;MAFRA
Building;Enxara do Bispo;MAFRA
Building;Gradil;MAFRA
Building;Vila Franca do Rosário;MAFRA
Business Center;Enxara do Bispo;MAFRA
Business Center;Gradil;MAFRA
Business Center;Vila Franca do Rosário;MAFRA
Office;Enxara do Bispo;MAFRA
Office;Gradil;MAFRA
Office;Vila Franca do Rosário;MAFRA
ATM;Enxara do Bispo;MAFRA
ATM;Gradil;MAFRA
ATM;Vila Franca do Rosário;MAFRA
Food;Igreja Nova;MAFRA
Food;Cheleiros;MAFRA
Metro Station;Igreja Nova;MAFRA
Metro Station;Cheleiros;MAFRA
Gas Station;Igreja Nova;MAFRA
Gas Station;Cheleiros;MAFRA
Building;Igreja Nova;MAFRA
Building;Cheleiros;MAFRA
Business Center;Igreja Nova;MAFRA
Business Center;Cheleiros;MAFRA
Office;Igreja Nova;MAFRA
Office;Cheleiros;MAFRA
ATM;Igreja Nova;MAFRA
ATM;Cheleiros;MAFRA
Food;Malveira;MAFRA
Food;São Miguel de Alcainça;MAFRA
Metro Station;Malveira;MAFRA
Metro Station;São Miguel de Alcainça;MAFRA
Gas Station;Malveira;MAFRA
Gas Station;São Miguel de Alcainça;MAFRA
Building;Malveira;MAFRA
Building;São Miguel de Alcainça;MAFRA
Business Center;Malveira;MAFRA
Business Center;São Miguel de Alcainça;MAFRA
Office;Malveira;MAFRA
Office;São Miguel de Alcainça;MAFRA
ATM;Malveira;MAFRA
ATM;São Miguel de Alcainça;MAFRA
Food;Venda do Pinheiro;MAFRA
Food;Santo Estêvão das Galés;MAFRA
Metro Station;Venda do Pinheiro;MAFRA
Metro Station;Santo Estêvão das Galés;MAFRA
Gas Station;Venda do Pinheiro;MAFRA
Gas Station;Santo Estêvão das Galés;MAFRA
Building;Venda do Pinheiro;MAFRA
Building;Santo Estêvão das Galés;MAFRA
Business Center;Venda do Pinheiro;MAFRA
Business Center;Santo Estêvão das Galés;MAFRA
Office;Venda do Pinheiro;MAFRA
Office;Santo Estêvão das Galés;MAFRA
ATM;Venda do Pinheiro;MAFRA
ATM;Santo Estêvão das Galés;MAFRA
Food;Pontinha;ODIVELAS
Food;Famões;ODIVELAS
Metro Station;Pontinha;ODIVELAS
Metro Station;Famões;ODIVELAS
Gas Station;Pontinha;ODIVELAS
Gas Station;Famões;ODIVELAS
Building;Pontinha;ODIVELAS
Building;Famões;ODIVELAS
Business Center;Pontinha;ODIVELAS
Business Center;Famões;ODIVELAS
Office;Pontinha;ODIVELAS
Office;Famões;ODIVELAS
ATM;Pontinha;ODIVELAS
ATM;Famões;ODIVELAS
Food;Póvoa de Santo Adrião;ODIVELAS
Food;Olival Basto;ODIVELAS
Metro Station;Póvoa de Santo Adrião;ODIVELAS
Metro Station;Olival Basto;ODIVELAS
Gas Station;Póvoa de Santo Adrião;ODIVELAS
Gas Station;Olival Basto;ODIVELAS
Building;Póvoa de Santo Adrião;ODIVELAS
Building;Olival Basto;ODIVELAS
Business Center;Póvoa de Santo Adrião;ODIVELAS
Business Center;Olival Basto;ODIVELAS
Office;Póvoa de Santo Adrião;ODIVELAS
Office;Olival Basto;ODIVELAS
ATM;Póvoa de Santo Adrião;ODIVELAS
ATM;Olival Basto;ODIVELAS
Food;Ramada;ODIVELAS
Food;Caneças;ODIVELAS
Metro Station;Ramada;ODIVELAS
Metro Station;Caneças;ODIVELAS
Gas Station;Ramada;ODIVELAS
Gas Station;Caneças;ODIVELAS
Building;Ramada;ODIVELAS
Building;Caneças;ODIVELAS
Business Center;Ramada;ODIVELAS
Business Center;Caneças;ODIVELAS
Office;Ramada;ODIVELAS
Office;Caneças;ODIVELAS
ATM;Ramada;ODIVELAS
ATM;Caneças;ODIVELAS
Metro Station;Barcarena;OEIRAS
Metro Station;Barcarena;OEIRAS
Metro Station;Porto Salvo;OEIRAS
Metro Station;Porto Salvo;OEIRAS
ATM;Porto Salvo;OEIRAS
Food;Algés;OEIRAS
Food;Linda-a-Velha;OEIRAS
Food;Cruz Quebrada-Dafundo;OEIRAS
Metro Station;Algés;OEIRAS
Metro Station;Linda-a-Velha;OEIRAS
Metro Station;Cruz Quebrada-Dafundo;OEIRAS
Gas Station;Algés;OEIRAS
Gas Station;Linda-a-Velha;OEIRAS
Gas Station;Cruz Quebrada-Dafundo;OEIRAS
Building;Algés;OEIRAS
Building;Linda-a-Velha;OEIRAS
Building;Cruz Quebrada-Dafundo;OEIRAS
Business Center;Algés;OEIRAS
Business Center;Linda-a-Velha;OEIRAS
Business Center;Cruz Quebrada-Dafundo;OEIRAS
Office;Algés;OEIRAS
Office;Linda-a-Velha;OEIRAS
Office;Cruz Quebrada-Dafundo;OEIRAS
ATM;Algés;OEIRAS
ATM;Linda-a-Velha;OEIRAS
ATM;Cruz Quebrada-Dafundo;OEIRAS
Food;Carnaxide;OEIRAS
Food;Queijas;OEIRAS
Metro Station;Carnaxide;OEIRAS
Metro Station;Queijas;OEIRAS
Gas Station;Carnaxide;OEIRAS
Gas Station;Queijas;OEIRAS
Building;Carnaxide;OEIRAS
Building;Queijas;OEIRAS
Business Center;Carnaxide;OEIRAS
Business Center;Queijas;OEIRAS
Office;Carnaxide;OEIRAS
Office;Queijas;OEIRAS
ATM;Carnaxide;OEIRAS
ATM;Queijas;OEIRAS
Food;Oeiras;OEIRAS
Food;São Julião da Barra;OEIRAS
Food;Paço de Arcos;OEIRAS
Food;Caxias;OEIRAS
Metro Station;Oeiras;OEIRAS
Metro Station;São Julião da Barra;OEIRAS
Metro Station;Paço de Arcos;OEIRAS
Metro Station;Caxias;OEIRAS
Gas Station;Oeiras;OEIRAS
Gas Station;São Julião da Barra;OEIRAS
Gas Station;Paço de Arcos;OEIRAS
Gas Station;Caxias;OEIRAS
Building;Oeiras;OEIRAS
Building;São Julião da Barra;OEIRAS
Building;Paço de Arcos;OEIRAS
Building;Caxias;OEIRAS
Business Center;Oeiras;OEIRAS
Business Center;São Julião da Barra;OEIRAS
Business Center;Paço de Arcos;OEIRAS
Business Center;Caxias;OEIRAS
Office;Oeiras;OEIRAS
Office;São Julião da Barra;OEIRAS
Office;Paço de Arcos;OEIRAS
Office;Caxias;OEIRAS
ATM;Oeiras;OEIRAS
ATM;São Julião da Barra;OEIRAS
ATM;Paço de Arcos;OEIRAS
ATM;Caxias;OEIRAS
Metro Station;Algueirão-Mem Martins;SINTRA
Metro Station;Algueirão-Mem Martins;SINTRA
Metro Station;Colares;SINTRA
Metro Station;Colares;SINTRA
Business Center;Colares;SINTRA
Office;Colares;SINTRA
Metro Station;Rio de Mouro;SINTRA
Metro Station;Rio de Mouro;SINTRA
ATM;Rio de Mouro;SINTRA
Metro Station;Casal de Cambra;SINTRA
Metro Station;Casal de Cambra;SINTRA
Business Center;Casal de Cambra;SINTRA
Food;Agualva;SINTRA
Food;Mira-Sintra;SINTRA
Metro Station;Agualva;SINTRA
Metro Station;Mira-Sintra;SINTRA
Gas Station;Agualva;SINTRA
Gas Station;Mira-Sintra;SINTRA
Building;Agualva;SINTRA
Building;Mira-Sintra;SINTRA
Business Center;Agualva;SINTRA
Business Center;Mira-Sintra;SINTRA
Office;Agualva;SINTRA
Office;Mira-Sintra;SINTRA
ATM;Agualva;SINTRA
ATM;Mira-Sintra;SINTRA
Food;Almargem do Bispo;SINTRA
Food;Pêro Pinheiro;SINTRA
Food;Montelavar;SINTRA
Metro Station;Almargem do Bispo;SINTRA
Metro Station;Pêro Pinheiro;SINTRA
Metro Station;Montelavar;SINTRA
Gas Station;Almargem do Bispo;SINTRA
Gas Station;Pêro Pinheiro;SINTRA
Gas Station;Montelavar;SINTRA
Building;Almargem do Bispo;SINTRA
Building;Pêro Pinheiro;SINTRA
Building;Montelavar;SINTRA
Business Center;Almargem do Bispo;SINTRA
Business Center;Pêro Pinheiro;SINTRA
Business Center;Montelavar;SINTRA
Office;Almargem do Bispo;SINTRA
Office;Pêro Pinheiro;SINTRA
Office;Montelavar;SINTRA
ATM;Almargem do Bispo;SINTRA
ATM;Pêro Pinheiro;SINTRA
ATM;Montelavar;SINTRA
Food;Cacém;SINTRA
Food;São Marcos;SINTRA
Metro Station;Cacém;SINTRA
Metro Station;São Marcos;SINTRA
Gas Station;Cacém;SINTRA
Gas Station;São Marcos;SINTRA
Building;Cacém;SINTRA
Building;São Marcos;SINTRA
Business Center;Cacém;SINTRA
Business Center;São Marcos;SINTRA
Office;Cacém;SINTRA
Office;São Marcos;SINTRA
ATM;Cacém;SINTRA
ATM;São Marcos;SINTRA
Food;Massamá;SINTRA
Food;Monte Abraão;SINTRA
Metro Station;Massamá;SINTRA
Metro Station;Monte Abraão;SINTRA
Gas Station;Massamá;SINTRA
Gas Station;Monte Abraão;SINTRA
Building;Massamá;SINTRA
Building;Monte Abraão;SINTRA
Business Center;Massamá;SINTRA
Business Center;Monte Abraão;SINTRA
Office;Massamá;SINTRA
Office;Monte Abraão;SINTRA
ATM;Massamá;SINTRA
ATM;Monte Abraão;SINTRA
Food;Queluz;SINTRA
Food;Belas;SINTRA
Metro Station;Queluz;SINTRA
Metro Station;Belas;SINTRA
Gas Station;Queluz;SINTRA
Gas Station;Belas;SINTRA
Building;Queluz;SINTRA
Building;Belas;SINTRA
Business Center;Queluz;SINTRA
Business Center;Belas;SINTRA
Office;Queluz;SINTRA
Office;Belas;SINTRA
ATM;Queluz;SINTRA
ATM;Belas;SINTRA
Food;São João das Lampas;SINTRA
Food;Terrugem;SINTRA
Metro Station;São João das Lampas;SINTRA
Metro Station;Terrugem;SINTRA
Gas Station;São João das Lampas;SINTRA
Gas Station;Terrugem;SINTRA
Building;São João das Lampas;SINTRA
Building;Terrugem;SINTRA
Business Center;São João das Lampas;SINTRA
Business Center;Terrugem;SINTRA
Office;São João das Lampas;SINTRA
Office;Terrugem;SINTRA
ATM;São João das Lampas;SINTRA
ATM;Terrugem;SINTRA
Food;Sintra;SINTRA
Food;Santa Maria;SINTRA
Food;São Miguel;SINTRA
Food;São Martinho;SINTRA
Food;São Pedro de Penaferrim;SINTRA
Metro Station;Sintra;SINTRA
Metro Station;Santa Maria;SINTRA
Metro Station;São Miguel;SINTRA
Metro Station;São Martinho;SINTRA
Metro Station;São Pedro de Penaferrim;SINTRA
Gas Station;Sintra;SINTRA
Gas Station;Santa Maria;SINTRA
Gas Station;São Miguel;SINTRA
Gas Station;São Martinho;SINTRA
Gas Station;São Pedro de Penaferrim;SINTRA
Building;Sintra;SINTRA
Building;Santa Maria;SINTRA
Building;São Miguel;SINTRA
Building;São Martinho;SINTRA
Building;São Pedro de Penaferrim;SINTRA
Business Center;Sintra;SINTRA
Business Center;Santa Maria;SINTRA
Business Center;São Miguel;SINTRA
Business Center;São Martinho;SINTRA
Business Center;São Pedro de Penaferrim;SINTRA
Office;Sintra;SINTRA
Office;Santa Maria;SINTRA
Office;São Miguel;SINTRA
Office;São Martinho;SINTRA
Office;São Pedro de Penaferrim;SINTRA
ATM;Sintra;SINTRA
ATM;Santa Maria;SINTRA
ATM;São Miguel;SINTRA
ATM;São Martinho;SINTRA
ATM;São Pedro de Penaferrim;SINTRA
Metro Station;Freiria;TORRES VEDRAS
Gas Station;Freiria;TORRES VEDRAS
Building;Freiria;TORRES VEDRAS
Business Center;Freiria;TORRES VEDRAS
Office;Freiria;TORRES VEDRAS
ATM;Freiria;TORRES VEDRAS
Metro Station;Ponte do Rol;TORRES VEDRAS
Metro Station;Ponte do Rol;TORRES VEDRAS
Business Center;Ponte do Rol;TORRES VEDRAS
ATM;Ponte do Rol;TORRES VEDRAS
Metro Station;Ramalhal;TORRES VEDRAS
Metro Station;Ramalhal;TORRES VEDRAS
Building;Ramalhal;TORRES VEDRAS
Business Center;Ramalhal;TORRES VEDRAS
ATM;Ramalhal;TORRES VEDRAS
Metro Station;São Pedro da Cadeira;TORRES VEDRAS
Metro Station;São Pedro da Cadeira;TORRES VEDRAS
Business Center;São Pedro da Cadeira;TORRES VEDRAS
ATM;São Pedro da Cadeira;TORRES VEDRAS
Metro Station;Silveira;TORRES VEDRAS
Metro Station;Silveira;TORRES VEDRAS
Building;Silveira;TORRES VEDRAS
Business Center;Silveira;TORRES VEDRAS
ATM;Silveira;TORRES VEDRAS
Metro Station;Turcifal;TORRES VEDRAS
Gas Station;Turcifal;TORRES VEDRAS
Business Center;Turcifal;TORRES VEDRAS
ATM;Turcifal;TORRES VEDRAS
Metro Station;Ventosa;TORRES VEDRAS
Metro Station;Ventosa;TORRES VEDRAS
Business Center;Ventosa;TORRES VEDRAS
Office;Ventosa;TORRES VEDRAS
ATM;Ventosa;TORRES VEDRAS
Food;A dos Cunhados;TORRES VEDRAS
Food;Maceira;TORRES VEDRAS
Metro Station;A dos Cunhados;TORRES VEDRAS
Metro Station;Maceira;TORRES VEDRAS
Gas Station;A dos Cunhados;TORRES VEDRAS
Gas Station;Maceira;TORRES VEDRAS
Building;A dos Cunhados;TORRES VEDRAS
Building;Maceira;TORRES VEDRAS
Business Center;A dos Cunhados;TORRES VEDRAS
Business Center;Maceira;TORRES VEDRAS
Office;A dos Cunhados;TORRES VEDRAS
Office;Maceira;TORRES VEDRAS
ATM;A dos Cunhados;TORRES VEDRAS
ATM;Maceira;TORRES VEDRAS
Food;Campelos;TORRES VEDRAS
Food;Outeiro da Cabeça;TORRES VEDRAS
Metro Station;Campelos;TORRES VEDRAS
Metro Station;Outeiro da Cabeça;TORRES VEDRAS
Gas Station;Campelos;TORRES VEDRAS
Gas Station;Outeiro da Cabeça;TORRES VEDRAS
Building;Campelos;TORRES VEDRAS
Building;Outeiro da Cabeça;TORRES VEDRAS
Business Center;Campelos;TORRES VEDRAS
Business Center;Outeiro da Cabeça;TORRES VEDRAS
Office;Campelos;TORRES VEDRAS
Office;Outeiro da Cabeça;TORRES VEDRAS
ATM;Campelos;TORRES VEDRAS
ATM;Outeiro da Cabeça;TORRES VEDRAS
Food;Carvoeira;TORRES VEDRAS
Food;Carmões;TORRES VEDRAS
Metro Station;Carvoeira;TORRES VEDRAS
Metro Station;Carmões;TORRES VEDRAS
Gas Station;Carvoeira;TORRES VEDRAS
Gas Station;Carmões;TORRES VEDRAS
Building;Carvoeira;TORRES VEDRAS
Building;Carmões;TORRES VEDRAS
Business Center;Carvoeira;TORRES VEDRAS
Business Center;Carmões;TORRES VEDRAS
Office;Carvoeira;TORRES VEDRAS
Office;Carmões;TORRES VEDRAS
ATM;Carvoeira;TORRES VEDRAS
ATM;Carmões;TORRES VEDRAS
Food;Dois Portos;TORRES VEDRAS
Food;Runa;TORRES VEDRAS
Metro Station;Dois Portos;TORRES VEDRAS
Metro Station;Runa;TORRES VEDRAS
Gas Station;Dois Portos;TORRES VEDRAS
Gas Station;Runa;TORRES VEDRAS
Building;Dois Portos;TORRES VEDRAS
Building;Runa;TORRES VEDRAS
Business Center;Dois Portos;TORRES VEDRAS
Business Center;Runa;TORRES VEDRAS
Office;Dois Portos;TORRES VEDRAS
Office;Runa;TORRES VEDRAS
ATM;Dois Portos;TORRES VEDRAS
ATM;Runa;TORRES VEDRAS
Food;Maxial;TORRES VEDRAS
Food;Monte Redondo;TORRES VEDRAS
Metro Station;Maxial;TORRES VEDRAS
Metro Station;Monte Redondo;TORRES VEDRAS
Gas Station;Maxial;TORRES VEDRAS
Gas Station;Monte Redondo;TORRES VEDRAS
Building;Maxial;TORRES VEDRAS
Building;Monte Redondo;TORRES VEDRAS
Business Center;Maxial;TORRES VEDRAS
Business Center;Monte Redondo;TORRES VEDRAS
Office;Maxial;TORRES VEDRAS
Office;Monte Redondo;TORRES VEDRAS
ATM;Maxial;TORRES VEDRAS
ATM;Monte Redondo;TORRES VEDRAS
Food;Santa Maria;TORRES VEDRAS
Food;São Pedro;TORRES VEDRAS
Food;Matacães;TORRES VEDRAS
Metro Station;Santa Maria;TORRES VEDRAS
Metro Station;São Pedro;TORRES VEDRAS
Metro Station;Matacães;TORRES VEDRAS
Gas Station;Santa Maria;TORRES VEDRAS
Gas Station;São Pedro;TORRES VEDRAS
Gas Station;Matacães;TORRES VEDRAS
Building;Santa Maria;TORRES VEDRAS
Building;São Pedro;TORRES VEDRAS
Building;Matacães;TORRES VEDRAS
Business Center;Santa Maria;TORRES VEDRAS
Business Center;São Pedro;TORRES VEDRAS
Business Center;Matacães;TORRES VEDRAS
Office;Santa Maria;TORRES VEDRAS
Office;São Pedro;TORRES VEDRAS
Office;Matacães;TORRES VEDRAS
ATM;Santa Maria;TORRES VEDRAS
ATM;São Pedro;TORRES VEDRAS
ATM;Matacães;TORRES VEDRAS
Metro Station;Vialonga;VILA FRANCA DE XIRA
Metro Station;Vialonga;VILA FRANCA DE XIRA
ATM;Vialonga;VILA FRANCA DE XIRA
Metro Station;Vila Franca de Xira;VILA FRANCA DE XIRA
Metro Station;Vila Franca de Xira;VILA FRANCA DE XIRA
Business Center;Vila Franca de Xira;VILA FRANCA DE XIRA
ATM;Vila Franca de Xira;VILA FRANCA DE XIRA
Food;Alhandra;VILA FRANCA DE XIRA
Food;São João dos Montes;VILA FRANCA DE XIRA
Food;Calhandriz;VILA FRANCA DE XIRA
Metro Station;Alhandra;VILA FRANCA DE XIRA
Metro Station;São João dos Montes;VILA FRANCA DE XIRA
Metro Station;Calhandriz;VILA FRANCA DE XIRA
Gas Station;Alhandra;VILA FRANCA DE XIRA
Gas Station;São João dos Montes;VILA FRANCA DE XIRA
Gas Station;Calhandriz;VILA FRANCA DE XIRA
Building;Alhandra;VILA FRANCA DE XIRA
Building;São João dos Montes;VILA FRANCA DE XIRA
Building;Calhandriz;VILA FRANCA DE XIRA
Business Center;Alhandra;VILA FRANCA DE XIRA
Business Center;São João dos Montes;VILA FRANCA DE XIRA
Business Center;Calhandriz;VILA FRANCA DE XIRA
Office;Alhandra;VILA FRANCA DE XIRA
Office;São João dos Montes;VILA FRANCA DE XIRA
Office;Calhandriz;VILA FRANCA DE XIRA
ATM;Alhandra;VILA FRANCA DE XIRA
ATM;São João dos Montes;VILA FRANCA DE XIRA
ATM;Calhandriz;VILA FRANCA DE XIRA
Food;Alverca do Ribatejo;VILA FRANCA DE XIRA
Food;Sobralinho;VILA FRANCA DE XIRA
Metro Station;Alverca do Ribatejo;VILA FRANCA DE XIRA
Gas Station;Sobralinho;VILA FRANCA DE XIRA
Metro Station;Sobralinho;VILA FRANCA DE XIRA
Building;Alverca do Ribatejo;VILA FRANCA DE XIRA
Building;Sobralinho;VILA FRANCA DE XIRA
Business Center;Alverca do Ribatejo;VILA FRANCA DE XIRA
Business Center;Sobralinho;VILA FRANCA DE XIRA
Office;Alverca do Ribatejo;VILA FRANCA DE XIRA
Office;Sobralinho;VILA FRANCA DE XIRA
ATM;Alverca do Ribatejo;VILA FRANCA DE XIRA
ATM;Sobralinho;VILA FRANCA DE XIRA
Food;Castanheira do Ribatejo;VILA FRANCA DE XIRA
Food;Cachoeiras;VILA FRANCA DE XIRA
Metro Station;Castanheira do Ribatejo;VILA FRANCA DE XIRA
Gas Station;Cachoeiras;VILA FRANCA DE XIRA
Metro Station;Cachoeiras;VILA FRANCA DE XIRA
Building;Castanheira do Ribatejo;VILA FRANCA DE XIRA
Building;Cachoeiras;VILA FRANCA DE XIRA
Business Center;Castanheira do Ribatejo;VILA FRANCA DE XIRA
Business Center;Cachoeiras;VILA FRANCA DE XIRA
Office;Castanheira do Ribatejo;VILA FRANCA DE XIRA
Office;Cachoeiras;VILA FRANCA DE XIRA
ATM;Castanheira do Ribatejo;VILA FRANCA DE XIRA
ATM;Cachoeiras;VILA FRANCA DE XIRA
Food;Póvoa de Santa Iria;VILA FRANCA DE XIRA
Food;Forte da Casa;VILA FRANCA DE XIRA
Metro Station;Póvoa de Santa Iria;VILA FRANCA DE XIRA
Gas Station;Forte da Casa;VILA FRANCA DE XIRA
Metro Station;Forte da Casa;VILA FRANCA DE XIRA
Building;Póvoa de Santa Iria;VILA FRANCA DE XIRA
Building;Forte da Casa;VILA FRANCA DE XIRA
Business Center;Póvoa de Santa Iria;VILA FRANCA DE XIRA
Business Center;Forte da Casa;VILA FRANCA DE XIRA
Office;Póvoa de Santa Iria;VILA FRANCA DE XIRA
Office;Forte da Casa;VILA FRANCA DE XIRA
ATM;Póvoa de Santa Iria;VILA FRANCA DE XIRA
ATM;Forte da Casa;VILA FRANCA DE XIRA